8.08.2017 14:17:45;C:\Users\babil\Desktop\REFLEX.ism;C:\Users\babil\Desktop\REFLEX.ism.backup;true
8.08.2017 14:17:45;C:\Users\babil\Desktop\V8_START_YOUR_ENGINES.ism;C:\Users\babil\Desktop\V8_START_YOUR_ENGINES.ism.backup;true
8.08.2017 14:17:49;C:\Users\babil\Desktop\REFLEX.ism;C:\Users\babil\Desktop\REFLEX.ism.backup.1;true
8.08.2017 14:17:49;C:\Users\babil\Desktop\V8_START_YOUR_ENGINES.ism;C:\Users\babil\Desktop\V8_START_YOUR_ENGINES.ism.backup.1;true
8.08.2017 14:17:53;C:\Users\babil\Desktop\REFLEX.ism;C:\Users\babil\Desktop\REFLEX.ism.backup.2;false
8.08.2017 14:17:53;C:\Users\babil\Desktop\V8_START_YOUR_ENGINES.ism;C:\Users\babil\Desktop\V8_START_YOUR_ENGINES.ism.backup.2;false
8.08.2017 14:17:56;C:\Users\babil\Desktop\REFLEX.ism;C:\Users\babil\Desktop\REFLEX.ism.backup.2;false
8.08.2017 14:17:56;C:\Users\babil\Desktop\V8_START_YOUR_ENGINES.ism;C:\Users\babil\Desktop\V8_START_YOUR_ENGINES.ism.backup.2;false
8.08.2017 14:18:41;C:\Users\babil\Desktop\REFLEX.ism;C:\Users\babil\Desktop\REFLEX.ism.backup.2;true
8.08.2017 14:18:41;C:\Users\babil\Desktop\V8_START_YOUR_ENGINES.ism;C:\Users\babil\Desktop\V8_START_YOUR_ENGINES.ism.backup.2;true
8.08.2017 14:19:17;C:\Users\babil\Desktop\REFLEX.ism;C:\Users\babil\Desktop\REFLEX.ism.backup;false
8.08.2017 14:19:17;C:\Users\babil\Desktop\V8_START_YOUR_ENGINES.ism;C:\Users\babil\Desktop\V8_START_YOUR_ENGINES.ism.backup.3;true
